{
  "name": "001__Basics__TestRun__MCU_FPGA_SIG_PWR__240502A.zip",
  "description": "Some components are changed to Basic Part to save money",
  "projectName": "001__Basics__TestRun__MCU_FPGA_SIG_PWR",
  "owner": {
    "uuid": "65064c9a3d1b4d659babadfcd7ae57ef",
    "username": null,
    "nickname": null,
    "avatar": null
  },
  "members": [
    {
      "uuid": "65064c9a3d1b4d659babadfcd7ae57ef",
      "username": "",
      "nickname": "",
      "avatar": ""
    }
  ],
  "backupTime": "2024-05-02 23:34:11"
}