{
  "name": "001__Basics__TestRun__MCU_FPGA_SIG_PWR__240504A",
  "description": "Extended parts are replaced with Basic parts.\nFrom now on, do not think about the extend/basic parts.\nFocus on PCB drawing\n",
  "projectName": "001__Basics__TestRun__MCU_FPGA_SIG_PWR",
  "owner": {
    "uuid": "65064c9a3d1b4d659babadfcd7ae57ef",
    "username": null,
    "nickname": null,
    "avatar": null
  },
  "members": [
    {
      "uuid": "65064c9a3d1b4d659babadfcd7ae57ef",
      "username": "",
      "nickname": "",
      "avatar": ""
    }
  ],
  "backupTime": "2024-05-04 15:25:25"
}