{
  "name": "001__Basics__TestRun__MCU_FPGA_SIG_PWR__240424A",
  "description": "ALL 3 Bd's are merged into one project file.\nOthers will be moved to backup directory",
  "projectName": "001__Basics__TestRun__MCU_FPGA_SIG_PWR",
  "owner": {
    "uuid": "65064c9a3d1b4d659babadfcd7ae57ef",
    "username": null,
    "nickname": null,
    "avatar": null
  },
  "members": [
    {
      "uuid": "65064c9a3d1b4d659babadfcd7ae57ef",
      "username": "",
      "nickname": "",
      "avatar": ""
    }
  ],
  "backupTime": "2024-04-24 20:40:39"
}