{
  "name": "002__Basics__SIG_PWR__240417A",
  "description": "Library separated : personal lib + easyeda_sel lib\nSchematic added : Driving strength ( watt checked )",
  "projectName": "002__Basics__SIG_PWR",
  "owner": {
    "uuid": "65064c9a3d1b4d659babadfcd7ae57ef",
    "username": null,
    "nickname": null,
    "avatar": null
  },
  "members": [
    {
      "uuid": "65064c9a3d1b4d659babadfcd7ae57ef",
      "username": "",
      "nickname": "",
      "avatar": ""
    }
  ],
  "backupTime": "2024-04-17 22:01:04"
}