{
  "name": "001__Basics__TestRun__MCU_FPGA_SIG_PWR__240425A.zip",
  "description": "Component roughly positioned.\nPCB outline, drawn. ",
  "projectName": "001__Basics__TestRun__MCU_FPGA_SIG_PWR",
  "owner": {
    "uuid": "65064c9a3d1b4d659babadfcd7ae57ef",
    "username": null,
    "nickname": null,
    "avatar": null
  },
  "members": [
    {
      "uuid": "65064c9a3d1b4d659babadfcd7ae57ef",
      "username": "",
      "nickname": "",
      "avatar": ""
    }
  ],
  "backupTime": "2024-04-25 22:35:32"
}