{
  "name": "MCU_ALLIO_STM32F072CB_240410C",
  "description": "Layout Trial\nMCU pin#1 moved to right top \nMCU signals are routed to see the feasibility",
  "projectName": "00__Basics__240405A",
  "owner": {
    "uuid": "65064c9a3d1b4d659babadfcd7ae57ef",
    "username": null,
    "nickname": null,
    "avatar": null
  },
  "members": [
    {
      "uuid": "65064c9a3d1b4d659babadfcd7ae57ef",
      "username": "",
      "nickname": "",
      "avatar": ""
    }
  ],
  "backupTime": "2024-04-10 22:09:21"
}