{
  "name": "001__Basics__TestRun__MCU_FPGA_SIG_PWR__240503A",
  "description": "Extended R,C replaced with Basics.\nJLCPCB checkout failed. ",
  "projectName": "001__Basics__TestRun__MCU_FPGA_SIG_PWR",
  "owner": {
    "uuid": "65064c9a3d1b4d659babadfcd7ae57ef",
    "username": null,
    "nickname": null,
    "avatar": null
  },
  "members": [
    {
      "uuid": "65064c9a3d1b4d659babadfcd7ae57ef",
      "username": "",
      "nickname": "",
      "avatar": ""
    }
  ],
  "backupTime": "2024-05-03 23:22:02"
}