{
  "name": "MCU_ALLIO_STM32F072CB_240410A",
  "description": "First git backup. \nSchematic is almost done. \nPCB component positioning checked. not routed.",
  "projectName": "00__Basics__240405A",
  "owner": {
    "uuid": "65064c9a3d1b4d659babadfcd7ae57ef",
    "username": null,
    "nickname": null,
    "avatar": null
  },
  "members": [
    {
      "uuid": "65064c9a3d1b4d659babadfcd7ae57ef",
      "username": "",
      "nickname": "",
      "avatar": ""
    }
  ],
  "backupTime": "2024-04-10 13:22:40"
}